,n_classes,0,1,2,3,4,total,test_set,train_acc,train_loss,test_acc,test_loss,val_acc,val_loss,runtime
subj02,5.0,136.0,104.0,62.0,75.0,47.0,424.0,70.0,0.7853107452392578,0.7344111800193787,0.4000000059604645,1.3681272268295288,0.4516128897666931,1.454277753829956,12.855164881999372
